id,prompt,label,domaine,sous_domaine,model,status_code,duration_sec
1,"Ma box clignote rouge depuis hier, plus d‚Äôinternet",probl√®me av√©r√©,fixe,box,Mistral-7B-Instruct,200,2.25
2,Impossible de passer un appel depuis mon mobile Free,probl√®me av√©r√©,mobile,appel voix,Mistral-7B-Instruct,200,2.45
3,"Le Wi-Fi saute toutes les 10 minutes, c‚Äôest insupportable",probl√®me av√©r√©,wifi,r√©seau,Mistral-7B-Instruct,200,1.88
4,Ma facture a doubl√© ce mois-ci sans raison,probl√®me av√©r√©,facture,r√©seau,Mistral-7B-Instruct,200,2.64
5,"Mon d√©bit est lent depuis deux jours, √ßa rame √† mort",probl√®me av√©r√©,fixe,r√©seau,Mistral-7B-Instruct,200,1.91
6,"Merci Free, tout marche parfaitement !",probl√®me non av√©r√©,aucun,aucun,Mistral-7B-Instruct,200,2.82
7,"Franchement service client au top, rapide et efficace",probl√®me non av√©r√©,aucun,aucun,Mistral-7B-Instruct,200,2.89
8,"J‚Äôai eu peur pour rien, c‚Äô√©tait mon c√¢ble Ethernet mal branch√© üòÖ",probl√®me non av√©r√©,aucun,aucun,Mistral-7B-Instruct,200,1.93
9,"Free c‚Äôest la vie, rien √† dire üëå",probl√®me non av√©r√©,aucun,aucun,Mistral-7B-Instruct,200,3.93
10,"Depuis la mise √† jour de la box, plus de Wi-Fi",probl√®me av√©r√©,fixe,wifi,Mistral-7B-Instruct,200,2.01
11,"Je ne re√ßois plus mes mails Freebox, help",probl√®me av√©r√©,fixe,mail,Mistral-7B-Instruct,200,2.24
12,"Je veux changer d‚Äôoffre, comment faire ?",probl√®me non av√©r√©,aucun,aucun,Mistral-7B-Instruct,200,3.57
13,J‚Äôai √©t√© factur√© deux fois pour le m√™me mois,probl√®me av√©r√©,fixe,facture,Mistral-7B-Instruct,200,3.14
14,Free Assistance m‚Äôa aid√© super vite üëè,probl√®me non av√©r√©,aucun,aucun,Mistral-7B-Instruct,200,3.44
15,Mon t√©l√©phone chauffe quand je passe des appels,probl√®me av√©r√©,mobile,appel voix,Mistral-7B-Instruct,200,1.92
16,"Bonjour Free, pouvez-vous activer ma ligne svp ?",probl√®me non av√©r√©,aucun,aucun,Mistral-7B-Instruct,200,1.8
17,"Les voyants de ma Freebox sont tous rouges, aucun signal",probl√®me av√©r√©,fixe,wifi,Mistral-7B-Instruct,200,3.15
18,Je n‚Äôai pas re√ßu ma nouvelle carte SIM,probl√®me av√©r√©,mobile,box,Mistral-7B-Instruct,200,1.81
